ID	pdb	Hchain	Lchain	model	antigen_chain	antigen_type	antigen_het_name	antigen_name	short_header	date	compound	organism	heavy_species	light_species	antigen_species	authors	resolution	method	r_free	r_factor	scfv	engineered	heavy_subclass	light_subclass	light_ctype	affinity	delta_g	affinity_method	temperature	pmid
1	1eo8	H	L	0	A	protein		hemagglutinin (ha1 chain)	Viral protein/Immune system	03/22/00	INFLUENZA VIRUS HEMAGGLUTININ COMPLEXED WITH A NEUTRALIZING ANTIBODY	INFLUENZA A VIRUS (A/X-31(H3N2)); MUS MUSCULUS	mus musculus	mus musculus	influenza a virus (a/x-31(h3n2))	"Fleury	 D.	 Gigant	 B.	 Daniels	 R.S.	 Skehel	 J.J.	 Knossow	 M.	 Bizebard	 T."	2.8	X-RAY DIFFRACTION	0.298	0.196	FALSE	FALSE	IGHV1	IGKV4	Kappa	8.90E-09	-10.87	SPR	22	10899782
2	1ken	H	L	0	A	protein		hemagglutinin ha1	Viral protein/Immune system	11/16/01	INFLUENZA VIRUS HEMAGGLUTININ COMPLEXED WITH AN ANTIBODY THAT PREVENTS THE HEMAGGLUTININ LOW PH FUSOGENIC TRANSITION	INFLUENZA A VIRUS (A/X-31(H3N2)); MUS MUSCULUS	mus musculus	mus musculus	influenza a virus (a/x-31(h3n2))	"Barbey-Martin	 C.	 Gigant	 B.	 Bizebard	 T.	 Calder	 L.J.	 Wharto	 S.A.	 Skehel	 J.J.	 Knossow	 M."	3.5	X-RAY DIFFRACTION	0.323	0.255	FALSE	FALSE	IGHV3	IGKV4	Kappa	None	None	None	None	None
3	1qfu	H	L	0	A	protein		protein (hemagglutinin (ha1 chain))	Viral protein/Immune system	04/14/99	INFLUENZA VIRUS HEMAGGLUTININ COMPLEXED WITH A NEUTRALIZING ANTIBODY	INFLUENZA A VIRUS (A/X-31(H3N2)); MUS MUSCULUS	mus musculus	mus musculus	influenza a virus (a/x-31(h3n2))	"Fleury	 D.	 Gigant	 B.	 Bizebard	 T.	 Daniels	 R.S.	 Skehel	 J.J.	 Knossow	 M."	2.8	X-RAY DIFFRACTION	0.284	0.198	FALSE	FALSE	IGHV1	IGKV1	Kappa	3.00E-09	-11.5	SPR	22	10360354
4	2vir	B	A	0	C	protein		hemagglutinin	COMPLEX (HEMAGGLUTININ/IMMUNOGLOBULIN)	12/22/97	INFLUENZA VIRUS HEMAGGLUTININ COMPLEXED WITH A NEUTRALIZING ANTIBODY	INFLUENZA A VIRUS (A/X-31(H3N2)); MUS MUSCULUS	mus musculus	mus musculus	influenza a virus (a/x-31(h3n2))	"Bizebard	 T.	 Fleury	 D.	 Gigant	 B.	 Wharton	 S.A.	 Skehel	 J.J.	 Knossow	 M."	3.25	X-RAY DIFFRACTION	0.249	0.198	FALSE	FALSE	IGHV2	IGLV1	Lambda	1.00E-09	-12.27	Other	25	9461077
5	3lzf	H	L	0	A	protein		"hemagglutinin	 ha1 subunit"	VIRAL PROTEIN/IMMUNE SYSTEM	2003/1/10	Crystal Structure of Fab 2D1 in Complex with the 1918 Influenza Virus Hemagglutinin	INFLUENZA A VIRUS; HOMO SAPIENS	homo sapiens	homo sapiens	influenza a virus	"Ekiert	 D.C.	 Wilson	 I.A."	2.8	X-RAY DIFFRACTION	0.259	0.23	FALSE	TRUE	IGHV2	IGLV1	Lambda	None	None	None	None	None
6	3sdy	H	L	0	B | A	protein | protein	NA | NA	hemagglutinin ha2 chain | hemagglutinin ha1 chain	Viral Protein/Immune System	2006/9/11	Crystal Structure of Broadly Neutralizing Antibody CR8020 Bound to the Influenza A H3 Hemagglutinin	INFLUENZA A VIRUS; HOMO SAPIENS	homo sapiens	homo sapiens	influenza a virus | influenza a virus	"Ekiert	 D.C.	 Wilson	 I.A."	2.85	X-RAY DIFFRACTION	0.235	0.202	FALSE	TRUE	IGHV1	IGKV3	Kappa	1.00E-09	-12.48	Other	30	21737702
7	3whe	3	4	0	I	protein		hemagglutinin	VIRAL PROTEIN/IMMUNE SYSTEM	08/25/13	A new conserved neutralizing epitope at the globular head of hemagglutinin in H3N2 influenza viruses	INFLUENZA A VIRUS; HOMO SAPIENS	homo sapiens	homo sapiens	influenza a virus	"Fujii	 Y.	 Sumida	 T.	 Shirouzu	 M.	 Yokoyama	 S."	4	X-RAY DIFFRACTION	0.308	0.235	FALSE	TRUE	IGHV1	IGLV1	Lambda	None	None	None	None	None
8	3ztn	H	L	0	A | B | A	carbohydrate | protein | protein	NAG | NA | NA	N-ACETYL-D-GLUCOSAMINE | haemagglutinin | haemagglutinin	VIRAL PROTEIN/IMMUNE SYSTEM	2007/12/11	Structure of influenza A neutralizing antibody selected from cultures  of single human plasma cells in complex with human H1 Influenza  haemagglutinin.	HOMO SAPIENS; INFLUENZA A VIRUS	homo sapiens	homo sapiens	influenza a virus | influenza a virus | influenza a virus	"Hubbard	 P.A.	 Ritchie	 A.J.	 Corti	 D.	 Voss	 J.E.	 Gamblin	 S.J.	 Codoni	 G.	 Macagno	 A.	 Jarrossay	 D.	 Pinna	 D.	 Minola	 A.	 Vanzetta	 F.	 Silacci	 C.	 Fernandez-Rodriguez	 B.M.	 Agatic	 G.	 Giacchetto-Sasselli	 I.	 Vachieri	 S.G.	 Sallusto	 F.	 Collins	 P.J.	 Haire	 L.F.	 Temperton	 N.	 Langedijk	 J.P.M.	 Skehel	 J.J.	 Lanzavecchia	 A."	3.001	X-RAY DIFFRACTION	0.2891	0.2141	FALSE	TRUE	IGHV3	IGKV4	Kappa	None	None	None	None	None
9	4f15	E	F	0	D	protein		hemagglutinin	IMMUNE SYSTEM	2005/6/12	Molecular basis of infectivity of 2009 pandemic H1N1 influenza A viruses	INFLUENZA A VIRUS; MUS MUSCULUS	mus musculus	mus musculus	influenza a virus	"Kim	 K.H.	 Cho	 K.J.	 Lee	 J.H.	 Park	 Y.H.	 Khan	 T.G.	 Lee	 J.Y.	 Kang	 S.H.	 Alam	 I."	2.81	X-RAY DIFFRACTION	0.289	0.233	FALSE	FALSE	IGHV3	IGKV7	Kappa	None	None	None	None	None
10	4fqi	H	L	0	B | A	protein | protein	NA | NA	hemagglutinin ha2 | hemagglutinin ha1	VIRAL PROTEIN/IMMUNE SYSTEM	06/25/12	Crystal Structure of Fab CR9114 in Complex with a H5N1 influenza virus hemagglutinin	INFLUENZA A VIRUS; HOMO SAPIENS	homo sapiens	homo sapiens	influenza a virus | influenza a virus	"Dreyfus	 C.	 Wilson	 I.A."	1.71	X-RAY DIFFRACTION	0.232	0.198	FALSE	TRUE	IGHV1	IGLV1	Lambda	9.00E-10	-12.34062119	BLI		TBD
11	4fqr	a	b	0	A	protein		"broadly neutralizing antibody c05	 heavy chain"	VIRAL PROTEIN/IMMUNE SYSTEM	06/25/12	Crystal structure of broadly neutralizing antibody C05 bound to H3 influenza hemagglutinin	INFLUENZA A VIRUS; HOMO SAPIENS	homo sapiens	homo sapiens	influenza a virus	"Ekiert	 D.C.	 Wilson	 I.A."	4.1	X-RAY DIFFRACTION	0.334	0.309	FALSE	FALSE	IGHV3	IGKV1	Kappa	1.00E-07	-9.549708626	SPR		TBD
12	4gms	H	L	0	A	protein		hemagglutinin ha1 chain	VIRAL PROTEIN/IMMUNE SYSTEM	08/16/12	Crystal structure of heterosubtypic Fab S139/1 in complex with influenza A H3 hemagglutinin	MUS MUSCULUS; INFLUENZA A VIRUS	mus musculus	mus musculus	influenza a virus	"Lee	 P.S.	 Ekiert	 D.C.	 Wilson	 I.A."	2.95	X-RAY DIFFRACTION	0.233	0.207	FALSE	TRUE	IGHV1	IGKV6	Kappa	2.00E-08	-10.50327432	BLI		TBD
13	4gxu	M	N	0	A	protein		hemagglutinin ha1 chain	VIRAL PROTEIN/IMMUNE SYSTEM	2009/4/12	Crystal structure of antibody 1F1 bound to the 1918 influenza hemagglutinin	HOMO SAPIENS; INFLUENZA A VIRUS	homo sapiens	homo sapiens	influenza a virus	"Ekiert	 D.C.	 Wilson	 I.A."	3.294	X-RAY DIFFRACTION	0.255	0.219	FALSE	TRUE	IGHV3	IGLV1	Lambda	6.24E-09		SPR		23236279
14	4hf5	H	L	0	A	protein		hemagglutinin ha1	VIRAL PROTEIN/IMMUNE SYSTEM	2010/4/12	Crystal structure of Fab 8F8 in complex a H2N2 influenza virus hemagglutinin	INFLUENZA A VIRUS; HOMO SAPIENS	homo sapiens	homo sapiens	influenza a virus	"Xu	 R.	 Wilson	 I.A."	3.004	X-RAY DIFFRACTION	0.282	0.229	FALSE	TRUE	IGHV3	IGLV1	Lambda	None	None	None	None	None
15	4hfu	H	L	0	A	protein		hemagglutinin ha1	VIRAL PROTEIN/IMMUNE SYSTEM	2010/5/12	Crystal structure of Fab 8M2 in complex with a H2N2 influenza virus hemagglutinin	INFLUENZA A VIRUS; HOMO SAPIENS	homo sapiens	homo sapiens	influenza a virus	"Xu	 R.	 Wilson	 I.A."	3.106	X-RAY DIFFRACTION	0.251	0.193	FALSE	TRUE	IGHV1	IGKV3	Kappa	None	None	None	None	None
16	4hg4	N	O	0	C	protein		hemagglutinin ha2	VIRAL PROTEIN/IMMUNE SYSTEM	2010/6/12	Crystal structure of Fab 2G1 in complex with a H2N2 influenza virus hemagglutinin	INFLUENZA A VIRUS; HOMO SAPIENS	homo sapiens	homo sapiens	influenza a virus	"Xu	 R.	 Wilson	 I.A."	3.2	X-RAY DIFFRACTION	0.302	0.249	FALSE	TRUE	IGHV1	IGKV1	Kappa	None	None	None	None	None
17	4hkx	A	B	0	E	protein		hemagglutinin ha1	VIRAL PROTEIN/IMMUNE SYSTEM	10/15/12	Influenza hemagglutinin in complex with CH67 Fab	INFLUENZA A VIRUS; HOMO SAPIENS	homo sapiens	homo sapiens	influenza a virus	"Schmidt	 A.G.	 Harrison	 S.C."	2.5	X-RAY DIFFRACTION	0.219	0.187	FALSE	TRUE	IGHV1	IGLV3	Lambda	3.60E-07	-8.790776227	SPR		TBD
18	4hlz	G	H	0	B | A	protein | protein	NA | NA	hemagglutinin ha2 | hemagglutinin ha1	VIRAL PROTEIN/IMMUNE SYSTEM	10/17/12	Crystal Structure of Fab C179 in Complex with a H2N2 influenza virus hemagglutinin	INFLUENZA A VIRUS; MUS MUSCULUS	mus musculus	mus musculus	influenza a virus | influenza a virus	"Dreyfus	 C.	 Wilson	 I.A."	2.9	X-RAY DIFFRACTION	0.284	0.228	FALSE	TRUE	IGHV7	IGKV12	Kappa	2.00E-09	-11.86751841	BLI		TBD
19	4kvn	H	L	0	A	protein		hemagglutinin	IMMUNE SYSTEM	05/22/13	Crystal structure of Fab 39.29 in complex with Influenza Hemagglutinin A/Perth/16/2009 (H3N2)	HOMO SAPIENS; INFLUENZA A VIRUS	homo sapiens	homo sapiens	influenza a virus	"Fong	 R.	 Swem	 L.R.	 Lupardus	 P.J."	3.1	X-RAY DIFFRACTION	0.248	0.202	FALSE	TRUE	IGHV3	IGKV3	Kappa	None	None	None	None	None
20	4lvh	B	C	0	A	protein		hemagglutinin	IMMUNE SYSTEM	07/26/13	Insight into highly conserved H1 subtype-specific epitopes in influenza virus hemagglutinin	INFLUENZA A VIRUS; MUS MUSCULUS	mus musculus	mus musculus	influenza a virus	"Kim	 K.H.	 Cho	 K.J.	 Kim	 S.	 Seok	 J.H.	 Lee	 J.-H."	2.8	X-RAY DIFFRACTION	0.274	0.232	FALSE	FALSE	IGHV5	IGKV3	Kappa	None	None	None	None	None
21	4m5z	H	L	0	A	protein		hemagglutinin ha1 chain	VIRAL PROTEIN/IMMUNE SYSTEM	2008/8/13	"Crystal structure of broadly neutralizing antibody 5J8 bound to 2009 pandemic influenza hemagglutinin	 HA1 subunit"	HOMO SAPIENS; INFLUENZA A VIRUS	homo sapiens	homo sapiens	influenza a virus	"Hong	 M.	 Lee	 P.S.	 Wilson	 I.A."	2.25	X-RAY DIFFRACTION	0.238	0.191	FALSE	TRUE	IGHV4	IGLV3	Lambda	5.00E-09	-11.32463111	BLI		TBD
22	4mhh	H	L	0	E	protein		hemagglutinin ha1 chain	VIRAL PROTEIN/IMMUNE SYSTEM	08/29/13	Crystal structure of Fab H5M9 in complex with influenza virus hemagglutinin from A/Viet Nam/1203/2004 (H5N1)	INFLUENZA A VIRUS; MUS MUSCULUS	mus musculus	mus musculus	influenza a virus	"Zhu	 X.	 Wilson	 I.A."	3.564	X-RAY DIFFRACTION	0.238	0.201	FALSE	TRUE	IGHV1	IGKV3	Kappa	9.00E-10	-12.34062119	BLI		TBD
23	4nm8	I	M	0	D | C	protein | protein	NA | NA	hemagglutinin ha2 chain | hemagglutinin ha1 chain	viral protein/immune system	11/14/13	Crystal structure of broadly neutralizing antibody CR8043 bound to H3 influenza hemagglutinin	INFLUENZA A VIRUS; HOMO SAPIENS	homo sapiens	homo sapiens	influenza a virus | influenza a virus	"Lee	 P.S.	 Wilson	 I.A."	4.0041	X-RAY DIFFRACTION	0.292	0.24	FALSE	TRUE	IGHV1	IGKV4	Kappa	2.50E-09	-11.7353095	BLI		TBD
24	4o58	H	L	0	A	protein		hemagglutinin ha1 chain	VIRAL PROTEIN/IMMUNE SYSTEM	12/19/13	Crystal structure of broadly neutralizing antibody F045-092 in complex with A/Victoria/3/1975 (H3N2) influenza hemagglutinin	INFLUENZA A VIRUS; HOMO SAPIENS	homo sapiens	homo sapiens	influenza a virus	"Lee	 P.S.	 Wilson	 I.A."	2.7501	X-RAY DIFFRACTION	0.224	0.177	FALSE	TRUE	IGHV1	IGLV1	Lambda	None	None	None	None	None
25	4py8	I	J	0	B | A	protein | protein	NA | NA	hemagglutinin ha2 chain | hemagglutinin ha1 chain	VIRAL PROTEIN/IMMUNE SYSTEM	03/26/14	Crystal structure of Fab 3.1 in complex with the 1918 influenza virus hemagglutinin	INFLUENZA A VIRUS; HOMO SAPIENS	homo sapiens	homo sapiens	influenza a virus | influenza a virus	"Dreyfus	 C."	2.91	X-RAY DIFFRACTION	0.242	0.193	FALSE	TRUE	IGHV3	IGKV1	Kappa	1.00E-09	-12.2781968	SPR		TBD
26	4r8w	H	L	0	B | A	protein | protein	NA | NA	hemagglutinin | hemagglutinin	IMMUNE SYSTEM	2009/3/14	Crystal structure of H7 hemagglutinin from A/Anhui/1/2013 in complex with a neutralizing antibody CT149	INFLUENZA A VIRUS (A/ANHUI/1-BALF_RG45/2013(H7N9)); HOMO SAPIENS	homo sapiens	homo sapiens	influenza a virus (a/anhui/1-balf_rg45/2013(h7n9))  | influenza a virus (a/anhui/1-balf_rg45/2013(h7n9)) 	"Wu	 Y.	 Shi	 Y.	 Qi	 J.	 Gao	 G.F."	2.795	X-RAY DIFFRACTION	0.311	0.262	FALSE	TRUE	IGHV1	IGKV3	Kappa	1.83E-10	-13.28439355	SPR		TBD
27	4xnm	H	L	0	C	protein		hemagglutinin	Viral protein/Immune system	01/15/15	Antibody Influenza H5 Complex	HOMO SAPIENS; INFLUENZA A VIRUS	homo sapiens	homo sapiens	influenza a virus	"Winarski	 K.L.	 Spiler	 B.W."	2.51	X-RAY DIFFRACTION	0.241	0.214	FALSE	TRUE	IGHV4	IGLV3	Lambda	8.00E-09	-11.04616163	SPR		TBD
28	4yk4	Z	Y	0	E	protein		hemagglutinin	Viral protein/Immune system	2003/3/15	Human antibody 641 I-9 in complex with influenza hemagglutinin H1 Solomon Islands/03/2006	HOMO SAPIENS; INFLUENZA A VIRUS	homo sapiens	homo sapiens	influenza a virus	"Schmidt	 A.G.	 Harrison	 S.C."	2.8	X-RAY DIFFRACTION	0.26	0.22	FALSE	TRUE	IGHV4	IGKV1	Kappa	3.64E-07	-8.78422938	BLI		TBD
29	5a3i	C	D	0	A	protein		hemagglutinin	VIRAL PROTEIN	2006/1/15	Crystal Structure of a Complex formed between FLD194 Fab and Transmissible Mutant H5 Haemagglutinin	INFLUENZA A VIRUS (A/VIETNAM/1203/2004(H5N1)); HOMO SAPIENS	homo sapiens	homo sapiens	influenza a virus (a/vietnam/1203/2004(h5n1))	"Xiong	 X.	 Corti	 D.	 Liu	 J.	 Pinna	 D.	 Foglierini	 M.	 Calder	 L.J.	 Martin	 S.R.	 Lin	 Y.P.	 Walker	 P.A.	 Collins	 P.J.	 Monne	 I.	 Suguitan Jr	 A.L.	 Santos	 C.	 Temperton	 N.J.	 Subbarao	 K.	 Lanzavecchia	 A.	 Gamblin	 S.J.	 Skehel	 J.J."	2.89	X-RAY DIFFRACTION	0.277	0.244	FALSE	FALSE	IGHV5	IGKV2	Kappa	None	None	None	None	None
30	5c0s	H	L	0	A	protein		"hemagglutinin	 envelope glycoprotein	 fibritin fusionprotein "	VIRAL PROTEIN/IMMUNE SYSTEM	2006/12/15	Crystal structure of a generation 4 influenza hemagglutinin stabilized stem in complex with the broadly neutralizing antibody CR6261	"HOMO SAPIENS; INFLUENZA A VIRUS	 HUMAN IMMUNODEFICIENCY VIRUS TYPE 1 GROUP M SUBTYPE B	 ENTEROBACTERIA PHAGE T4"	homo sapiens	homo sapiens	"influenza a virus	 human immunodeficiency virustype 1 group m subtype b	 enterobacteria phage t4 "	"Boyington	 J.C.	 Kwong	 P.D.	 Nabel	 G.J.	 Mascola	 J.R."	4.3	X-RAY DIFFRACTION	0.31	0.238	FALSE	TRUE	IGHV1	IGLV1	Lambda	7.70E-09	-11.06880707	SPR		TBD
31	5dum	H	L	0	A	protein		hemagglutinin	IMMUNE SYSTEM	09/19/15	Crystal structure of influenza A virus H5 hemagglutinin globular head in complex with the Fab of antibody 65C6	HOMO SAPIENS; INFLUENZA A VIRUS (A/ANHUI/1/2005(H5N1))	homo sapiens	homo sapiens	influenza a virus (a/anhui/1/2005(h5n1))	"Sun	 J.	 Zuo	 T.	 Wang	 G.	 Zhou	 P.	 Zhang	 L.	 Wang	 X."	3.003	X-RAY DIFFRACTION	0.269	0.215	FALSE	TRUE	IGHV5	IGKV3	Kappa	None	None	None	None	None
32	5dup	H	L	0	A	protein		hemagglutinin	IMMUNE SYSTEM	09/20/15	Influenza A virus H5 hemagglutinin globular head in complex with antibody AVFluIgG03	HOMO SAPIENS; INFLUENZA A VIRUS (A/ANHUI/1/2005(H5N1))	homo sapiens	homo sapiens	influenza a virus (a/anhui/1/2005(h5n1))	"Zuo	 T.	 Sun	 J.	 Wang	 G.	 Zhou	 P.	 Wang	 X.	 Zhang	 L."	3.052	X-RAY DIFFRACTION	0.257	0.199	FALSE	TRUE	IGHV3	IGLV1	Lambda	None	None	None	None	None
33	5dur	B	D	0	A	protein		hemagglutinin	IMMUNE SYSTEM	09/20/15	Influenza A virus H5 hemagglutinin globular head in complex with antibody 100F4	INFLUENZA A VIRUS (A/ANHUI/1/2005(H5N1)); HOMO SAPIENS	homo sapiens	homo sapiens	influenza a virus (a/anhui/1/2005(h5n1))	"Zuo	 T.	 Sun	 J.	 Wang	 G.	 Zhou	 P.	 Wang	 X.	 Zhang	 L."	2.82	X-RAY DIFFRACTION	0.257	0.208	FALSE	TRUE	IGHV4	IGLV1	Lambda	None	None	None	None	None
34	5f45	H	L	0	A	protein		hemagglutinin ha1 chain	VIRAL PROTEIN/IMMUNE SYSTEM	2012/3/15	Crystal structure of Fab H7.167 in complex with influenza virus hemagglutinin from A/Shanghai/02/2013 (H7N9)	HOMO SAPIENS; INFLUENZA A VIRUS	homo sapiens	homo sapiens	influenza a virus	"Zhang	 H.	 Wilson	 I.A."	4.656	X-RAY DIFFRACTION	0.355	0.326	FALSE	TRUE	IGHV3	IGKV4	Kappa	None	None	None	None	None
35	5gjs	H	L	0	B | A	protein | protein	NA | NA	hemagglutinin | hemagglutinin	IMMUNE SYSTEM	2007/1/16	Crystal structure of H1 hemagglutinin from A/California/04/2009 in complex with a neutralizing antibody 3E1	HOMO SAPIENS; INFLUENZA A VIRUS	homo sapiens	homo sapiens	influenza a virus | influenza a virus	"Wang	 W.	 Zhang	 T.	 Ding	 J."	2.9	X-RAY DIFFRACTION	0.304	0.251	FALSE	TRUE	IGHV4	IGKV1	Kappa	None	None	None	None	None
36	5ibl	C	D	0	F	protein		hemagglutinin	IMMUNE SYSTEM	02/22/16	Human antibody 6639 in complex with influenza hemagglutinin H1 X-181	INFLUENZA A VIRUS; HOMO SAPIENS	homo sapiens	homo sapiens	influenza a virus	"Raymond	 D.D.	 Harrison	 S.C."	3.39	X-RAY DIFFRACTION	0.257	0.214	FALSE	TRUE	IGHV5	IGKV3	Kappa	None	None	None	None	None
37	5jw4	Q	R	0	F | E	protein | protein	NA | NA	hemagglutinin | hemagglutinin	IMMUNE SYSTEM	2005/11/16	Structure of MEDI8852 Fab Fragment in Complex with H5 HA	INFLUENZA A VIRUS; HOMO SAPIENS	homo sapiens	homo sapiens	influenza a virus | influenza a virus	"Neu	 U.	 Collins	 P.J.	 Walker	 P.A.	 Vorlaender	 M.K.	 Ogrodowicz	 R.W.	 Martin	 S.R.	 Gamblin	 S.J.	 Skehel	 J.J."	3.7	X-RAY DIFFRACTION	0.285	0.274	FALSE	TRUE	IGHV6	IGKV1	Kappa	None	None	None	None	None
38	5k9k	A	B	0	I	protein		hemagglutinin	IMMUNE SYSTEM	05/31/16	Crystal structure of multidonor HV6-1-class broadly neutralizing Influenza A antibody 56.a.09 in complex with Hemagglutinin Hong Kong 1968.	HOMO SAPIENS; INFLUENZA A VIRUS (STRAIN A/HONG KONG/1/1968 H3N2)	homo sapiens	homo sapiens	influenza a virus (strain a/hong kong/1/1968h3n2) 	"Joyce	 M.G.	 Thomas	 P.V.	 Wheatley	 A.K.	 McDermott	 A.B.	 Mascola	 J.R.	 Kwong	 P.D."	2.97	X-RAY DIFFRACTION	0.265	0.225	FALSE	TRUE	IGHV6	IGKV3	Kappa	None	None	None	None	None
39	5k9o	H	L	0	I	protein		hemagglutinin	IMMUNE SYSTEM	2006/1/16	Crystal structure of multidonor HV6-1-class broadly neutralizing Influenza A antibody 31.b.09 in complex with Hemagglutinin H1 A/California/04/2009.	INFLUENZA A VIRUS (STRAIN SWL A/CALIFORNIA/04/2009 H1N1); HOMO SAPIENS	homo sapiens	homo sapiens	influenza a virus (strain swla/california/04/2009 h1n1) 	"Joyce	 M.G.	 Thomas	 P.V.	 Wheatley	 A.K.	 McDermott	 A.B.	 Mascola	 J.R.	 Kwong	 P.D."	3.387	X-RAY DIFFRACTION	0.346	0.291	FALSE	TRUE	IGHV1	IGKV2	Kappa	None	None	None	None	None
40	5k9q	H	L	0	B	protein		hemagglutinin ha2	IMMUNE SYSTEM	2006/1/16	Crystal structure of multidonor HV1-18-class broadly neutralizing Influenza A antibody 16.a.26 in complex with A/Hong Kong/1-4-MA21-1/1968 (H3N2) Hemagglutinin	INFLUENZA A VIRUS; INFLUENZA A VIRUS (STRAIN A/HONG KONG/1/1968 H3N2); HOMO SAPIENS	homo sapiens	homo sapiens	influenza a virus (strain a/hong kong/1/1968h3n2) 	"Joyce	 M.G.	 Thomas	 P.V.	 Wheatley	 A.K.	 McDermott	 A.B.	 Mascola	 J.R.	 Kwong	 P.D."	2.503	X-RAY DIFFRACTION	0.218	0.182	FALSE	TRUE	IGHV1	IGKV1	Kappa	None	None	None	None	None
41	5kan	H	L	0	B | C	protein | protein	NA | NA	hemagglutinin ha2 | hemagglutinin ha1	IMMUNE SYSTEM	2006/1/16	Crystal structure of multidonor HV1-18-class broadly neutralizing Influenza A antibody 16.g.07 in complex with A/Hong Kong/1-4-MA21-1/1968 (H3N2) Hemagglutinin	INFLUENZA A VIRUS (STRAIN A/HONG KONG/1/1968 H3N2); HOMO SAPIENS	homo sapiens	homo sapiens	influenza a virus (strain a/hong kong/1/1968h3n2)  | influenza a virus (strain a/hong kong/1/1968h3n2) 	"Joyce	 M.G.	 Thomas	 P.V.	 Wheatley	 A.K.	 McDermott	 A.B.	 Mascola	 J.R.	 Kwong	 P.D."	2.785	X-RAY DIFFRACTION	0.243	0.218	FALSE	TRUE	IGHV1	IGKV1	Kappa	None	None	None	None	None
42	5kaq	Q	R	0	A	protein		hemagglutinin	IMMUNE SYSTEM	2006/1/16	Crystal structure of broadly neutralizing Influenza A antibody 31.a.83 in complex with Hemagglutinin Hong Kong 1968.	INFLUENZA A VIRUS (A/HONG KONG/1-4-MA21-1/1968(H3N2))	influenza a virus (a/hong kong/1-4-ma21-1/1968(h3n2)) 	influenza a virus (a/hong kong/1-4-ma21-1/1968(h3n2)) 	influenza a virus (a/hong kong/1-4-ma21-1/1968(h3n2)) 	"Joyce	 M.G.	 Thomas	 P.V.	 Wheatley	 A.K.	 McDermott	 A.B.	 Mascola	 J.R.	 Kwong	 P.D."	3.514	X-RAY DIFFRACTION	0.313	0.27	FALSE	TRUE	IGHV3	IGKV3	Kappa	None	None	None	None	None
43	5ug0	D	C	0	A	protein		hemagglutinin ha1	VIRAL PROTEIN/IMMUNE SYSTEM	2001/6/17	Human antibody H2897 in complex with influenza hemagglutinin H1 Solomon Islands/03/2006	HOMO SAPIENS; INFLUENZA A VIRUS (A/SOLOMON ISLANDS/3/2006(H1N1))	homo sapiens	homo sapiens	influenza a virus (a/solomonislands/3/2006(h1n1)) 	"Raymond	 D.D.	 Caradonna	 T.	 Schmidt	 A.G.	 Harrison	 S.C."	3.4	X-RAY DIFFRACTION	0.278	0.24	FALSE	TRUE	IGHV3	IGKV3	Kappa	None	None	None	None	None
44	5ugy	J	N	0	E	protein		hemagglutinin ha1	VIRAL PROTEIN/IMMUNE SYSTEM	2001/10/17	Influenza hemagglutinin in complex with a neutralizing antibody	INFLUENZA A VIRUS (A/SOLOMON ISLANDS/3/2006(H1N1)); HOMO SAPIENS	homo sapiens	homo sapiens	influenza a virus (a/solomonislands/3/2006(h1n1)) 	"Whittle	 J.R.R.	 Jenni	 S.	 Harrison	 S.C."	2.801	X-RAY DIFFRACTION	0.289	0.259	FALSE	TRUE	IGHV1	IGLV3	Lambda	None	None	None	None	None
45	5vag	C	B	0	A	protein		hemagglutinin	IMMUNE SYSTEM	03/26/17	Crystal structure of H7-specific antibody m826 in complex with the HA1 domain of hemagglutinin from H7N9 influenza virus	INFLUENZA A VIRUS; HOMO SAPIENS	homo sapiens	homo sapiens	influenza a virus	"Song	 H.	 Ying	 T.	 Ji	 X."	1.9	X-RAY DIFFRACTION	0.227	0.191	FALSE	TRUE	IGHV1	IGKV1	Kappa	9.40E-09	-10.95061288	SPR		TBD
46	5w08	I	J	0	B	protein		hemagglutinin ha1	VIRAL PROTEIN/IMMUNE SYSTEM	05/30/17	A/Texas/50/2012(H3N2) Influenza hemagglutinin in complex with K03.12 Fab	INFLUENZA A VIRUS (A/TEXAS/50/2012(H3N2)); HOMO SAPIENS	homo sapiens	homo sapiens	influenza a virus (a/texas/50/2012(h3n2))	"McCarthy	 K.R.	 Harrison	 S.C."	2.6	X-RAY DIFFRACTION	0.262	0.24	FALSE	TRUE	IGHV1	IGLV2	Lambda	4.00E-08	-10.09259593	SPR		TBD
47	5w0d	B	C	0	A	protein		hemagglutinin ha1	VIRAL PROTEIN/IMMUNE SYSTEM	05/30/17	Inferred precursor (UCA) of the human antibody lineage K03.12 in complex with influenza hemagglutinin H1 Solomon Islands/03/2006	INFLUENZA A VIRUS (A/SOLOMON ISLANDS/3/2006(H1N1)); HOMO SAPIENS	homo sapiens	homo sapiens	influenza a virus (a/solomonislands/3/2006(h1n1)) 	"McCarthy	 K.R.	 Harrison	 S.C."	1.899	X-RAY DIFFRACTION	0.234	0.196	FALSE	TRUE	IGHV1	IGLV2	Lambda	None	None	None	None	None
48	5w42	H	L	0	A	protein		hemagglutinin	IMMUNE SYSTEM	2006/8/17	Crystal structure of human monoclonal antibody H3v-47 in complex with influenza virus hemagglutinin from A/Minnesota/11/2010 (H3N2)	INFLUENZA A VIRUS (A/SWINE/MINNESOTA/A01134337/2010(H3N2)); INFLUENZA A VIRUS; HOMO SAPIENS	homo sapiens	homo sapiens	influenza a virus(a/swine/minnesota/a01134337/2010(h3n2)) 	"Zhang	 H.	 Wilson	 I.A."	3.569	X-RAY DIFFRACTION	0.228	0.196	FALSE	TRUE	IGHV1	IGKV3	Kappa	4.43E-08	-10.03210025	SPR		TBD
49	5w6g	H	L	0	A	protein		hemagglutinin ha1	VIRAL PROTEIN/IMMUNE SYSTEM	06/16/17	Human antibody 6649 in complex with influenza hemagglutinin H1 Solomon Islands	INFLUENZA A VIRUS (A/SOLOMON ISLANDS/3/2006(H1N1)); HOMO SAPIENS	homo sapiens	homo sapiens	influenza a virus (a/solomonislands/3/2006(h1n1)) 	"Raymond	 D.D.	 Harrison	 S.C."	2.79	X-RAY DIFFRACTION	0.253	0.218	FALSE	TRUE	IGHV4	IGLV1	Lambda	2.12E-06	-7.740262767	BLI		TBD
50	5wko	K	L	0	W | T	protein | protein	NA | NA	hemagglutinin | hemagglutinin	ANTIVIRAL PROTEIN	07/25/17	Crystal structure of antibody 27F3 recognizing the HA from A/California/04/2009 (H1N1) influenza virus	HOMO SAPIENS; INFLUENZA A VIRUS	homo sapiens	homo sapiens	influenza a virus | influenza a virus	"Wilson	 A.	 Lang	 S.	 Zhu	 X."	3.492	X-RAY DIFFRACTION	0.268	0.246	FALSE	TRUE	IGHV1	IGKV3	Kappa	None	None	None	None	None
51	5xhv	H	L	0	E	protein		hemagglutinin	VIRAL PROTEIN/IMMUNE SYSTEM	04/24/17	"Crystal Structure Of Fab S40 In Complex With Influenza Hemagglutinin	 HA1 subunit."	INFLUENZA A VIRUS (A/CALIFORNIA/07/2009(H1N1)); HOMO SAPIENS	homo sapiens	homo sapiens	influenza a virus (a/california/07/2009(h1n1))	"Lee	 C.C.	 Wang	 A.H.J.	 Yu	 C.M.	 Yang	 A.S."	3.35	X-RAY DIFFRACTION	0.275	0.23	FALSE	TRUE	IGHV3	IGKV1	Kappa	None	None	None	None	None
52	5xku	C	B	0	A	protein		influenza a virus	IMMUNE SYSTEM	2005/9/17	Crystal structure of hemagglutinin globular head from an H7N9 influenza virus in complex with a neutralizing antibody HNIgGA6	INFLUENZA A VIRUS; HOMO SAPIENS	homo sapiens	homo sapiens	influenza a virus	"Chen	 C.	 Wang	 J.	 Wang	 W.	 Gao	 X.	 Cui	 S.	 Jin	 Q."	1.78	X-RAY DIFFRACTION	0.242	0.206	FALSE	TRUE	IGHV4	IGKV1	Kappa	None	None	None	None	None
53	5y2l	I	J	0	B | A	protein | protein	NA | NA	hemagglutinin | hemagglutinin	ANTIMICROBIAL PROTEIN	07/26/17	Crystal structure of a group 2 HA binding antibody AF4H1K1 Fab in complex with the 1968 H3N2 pandemic (H3-AC/68) hemagglutinin	INFLUENZA A VIRUS (STRAIN A/AICHI/2/1968 H3N2); HOMO SAPIENS	homo sapiens	homo sapiens	influenza a virus (strain a/aichi/2/1968 h3n2) | influenza a virus (strain a/aichi/2/1968 h3n2)	"Xiao	 H.	 Qi	 J.	 Gao	 F.G."	2.902	X-RAY DIFFRACTION	0.244	0.212	FALSE	TRUE	IGHV3	IGKV3	Kappa	None	None	None	None	None
54	6a0z	H	L	0	A	protein		"hemagglutinin	envelope glycoprotein"	VIRAL PROTEIN/IMMUNE SYSTEM	2006/6/18	"Crystal structure of broadly neutralizing antibody 13D4 bound to H5N1 influenza hemagglutinin	 HA head region"	INFLUENZA A VIRUS; HUMAN IMMUNODEFICIENCY VIRUS 1; MUS MUSCULUS	mus musculus	mus musculus	"influenza a virus	 human immunodeficiency virus1 "	"Li	 S.	 Li	 T."	2.329	X-RAY DIFFRACTION	0.218	0.172	FALSE	FALSE	IGHV1	IGKV6	Kappa	5.30E-08	-9.925863641	SPR		TBD
55	6a4k	H	L	0	A	protein		hemagglutinin	VIRAL PROTEIN/IMMUNE SYSTEM	06/20/18	Human antibody 32D6 Fab in complex with H1N1 influenza A virus HA1	INFLUENZA A VIRUS (A/CALIFORNIA/7/2009(H1N1)); HOMO SAPIENS	homo sapiens	homo sapiens	influenza a virus (a/california/7/2009(h1n1))	"Lee	 C.C.	 Ko	 T.P.	 Lin	 L.L.	 Wang	 A.H.J."	3.15	X-RAY DIFFRACTION	0.233	0.175	FALSE	TRUE	IGHV4	IGLV4	Lambda	None	None	None	None	None
56	6a67	C	D	0	B	protein		hemagglutinin	IMMUNE SYSTEM	06/26/18	Crystal structure of influenza A virus H5 hemagglutinin globular head in complex with the Fab of antibody FLD21.140	HOMO SAPIENS; INFLUENZA A VIRUS (A/THAILAND/1(KAN-1)/2004(H5N1))	homo sapiens	homo sapiens	influenza a virus (a/thailand/1(kan-1)/2004(h5n1)) 	"Wang	 P.	 Zuo	 Y.	 Sun	 J.	 Zhang	 L.	 Wang	 X."	2.33	X-RAY DIFFRACTION	0.235	0.197	FALSE	TRUE	IGHV4	IGLV1	Lambda	1.00E-09	-12.2758316	SPR		TBD
57	6b3m	O	P	0	L | G	protein | protein	NA | NA	hemagglutinin ha2 | hemagglutinin ha1	VIRAL PROTEIN/IMMUNE SYSTEM	06/13/18	The crystal structure of a broadly-reactive human anti-hemagglutinin stalk antibody (70-1F02) in complex with H5 hemagglutinin	Homo sapiens; unidentified influenza virus	homo sapiens	homo sapiens	unidentified influenza virus | unidentified influenza virus	"Shore	 D.A.	 Yang	 H.	 Stevens	 J."	3.92	X-RAY DIFFRACTION	0.329	0.286	FALSE	TRUE	IGHV1	IGKV3	Kappa	None	None	None	None	None
58	6e3h	H	L	0	B | A	protein | protein	NA | NA	hemagglutinin ha2 | hemagglutinin ha1	viral protein/immune system	07/14/18	Crystal structure of S9-3-37 bound to H5 influenza hemagglutinin	INFLUENZA A VIRUS; HOMO SAPIENS	homo sapiens	homo sapiens	influenza a virus | influenza a virus	"Wu	 N.C.	 Wilson	 I.A."	2.9	X-RAY DIFFRACTION	0.248	0.205	FALSE	TRUE	IGHV1	IGKV2	Kappa	None	None	None	None	None
59	6e4x	Z	Y	0	B	protein		hemagglutinin	VIRAL PROTEIN/IMMUNE SYSTEM	07/18/18	Human antibody S5V2-29 in complex with influenza hemagglutinin A/Texas/50/2012 (H3N2)	INFLUENZA A VIRUS (A/TEXAS/50/2012(H3N2)); HOMO SAPIENS	homo sapiens	homo sapiens	influenza a virus (a/texas/50/2012(h3n2))	"McCarthy	 K.R.	 Harrison	 S.C."	2.25	X-RAY DIFFRACTION	0.225	0.203	FALSE	TRUE	IGHV4	IGKV1	Kappa	None	None	None	None	None
60	6e56	H	J	0	A	protein		hemagglutinin	VIRAL PROTEIN/IMMUNE SYSTEM	07/19/18	Human antibody H2214 in complex with influenza hemagglutinin A/Aichi/2/1968 (X-31) (H3N2)	INFLUENZA A VIRUS; HOMO SAPIENS	homo sapiens	homo sapiens	influenza a virus	"McCarthy	 K.R.	 Harrison	 S.C."	2	X-RAY DIFFRACTION	0.214	0.188	FALSE	TRUE	IGHV3	IGKV3	Kappa	None	None	None	None	None
61	6hjp	K	L	0	F | E	protein | protein	NA | NA	hemagglutinin | hemagglutinin	VIRAL PROTEIN	2009/4/18	Structure of Influenza Hemagglutinin ectodomain (A/duck/Alberta/35/76) in complex with FISW84 Fab Fragment	HOMO SAPIENS; INFLUENZA A VIRUS (STRAIN A/DUCK/ALBERTA/35/1976 H1N1)	homo sapiens	homo sapiens	influenza a virus (straina/duck/alberta/35/1976 h1n1)  | influenza a virus (straina/duck/alberta/35/1976 h1n1) 	"Benton	 D.J.	 Rosenthal	 P.B."	3.3	ELECTRON MICROSCOPY			FALSE	TRUE	IGHV3	IGKV3	Kappa	None	None	None	None	None
62	6ii4	H	L	0	A	protein		hemagglutinin	IMMUNE SYSTEM	2010/3/18	Crystal structure of H7 hemagglutinin from A/Anhui/1/2013 in complex with a human neutralizing antibody L4A-14	INFLUENZA A VIRUS; HOMO SAPIENS	homo sapiens	homo sapiens	influenza a virus	"Jiang	 H.H.	 Shi	 Y.	 Qi	 J.	 Gao	 G.F."	3.3	X-RAY DIFFRACTION	0.276	0.227	FALSE	TRUE	IGHV3	IGLV6	Lambda	1.66E-08	-10.61367156	SPR		TBD
63	6ii8	G	I	0	A	protein		hemagglutinin	IMMUNE SYSTEM	2010/3/18	Crystal structure of H7 hemagglutinin from A/Anhui/1/2013 in complex with a human neutralizing antibody L4B-18	INFLUENZA A VIRUS; HOMO SAPIENS	homo sapiens	homo sapiens	influenza a virus	"Jiang	 H.H.	 Shi	 Y.	 Qi	 J.	 Gao	 G.F."	3.32	X-RAY DIFFRACTION	0.251	0.203	FALSE	TRUE	IGHV3	IGLV6	Lambda	3.86E-07	-8.749460363	SPR		TBD
64	6ii9	P	Q	0	E	protein		hemagglutinin	IMMUNE SYSTEM	2010/3/18	Crystal structure of H7 hemagglutinin from A/Anhui/1/2013 in complex with a human neutralizing antibody L3A-44	INFLUENZA A VIRUS; HOMO SAPIENS	homo sapiens	homo sapiens	influenza a virus	"Jiang	 H.H.	 Shi	 Y.	 Qi	 J.	 Gao	 G.F."	3.5	X-RAY DIFFRACTION	0.234	0.201	FALSE	TRUE	IGHV4	IGLV1	Lambda	1.94E-08	-10.52132091	SPR		TBD
65	6iut	H	L	0	A	protein		hemagglutinin	IMMUNE SYSTEM	11/30/18	Crystal structure of influenza A virus H5 hemagglutinin globular head in complex with the Fab of antibody AVFluIgG01	HOMO SAPIENS; INFLUENZA A VIRUS (A/ANHUI/1/2005(H5N1))	homo sapiens	homo sapiens	influenza a virus (a/anhui/1/2005(h5n1))	"Wang	 P.	 Zuo	 Y.	 Sun	 J.	 Zhang	 L.	 Wang	 X."	2.3	X-RAY DIFFRACTION	0.255	0.205	FALSE	TRUE	IGHV4	IGLV2	Lambda	None	None	None	None	None
66	6iuv	H	L	0	A	protein		hemagglutinin	IMMUNE SYSTEM	11/30/18	Crystal structure of influenza A virus H5 hemagglutinin globular head in complex with the Fab of antibody 3C11	INFLUENZA A VIRUS (A/HONG KONG/482/97(H5N1)); HOMO SAPIENS	homo sapiens	homo sapiens	influenza a virus (a/hong kong/482/97(h5n1))	"Wang	 P.	 Zuo	 Y.	 Sun	 J.	 Zhang	 L.	 Wang	 X."	2.332	X-RAY DIFFRACTION	0.246	0.207	FALSE	TRUE	IGHV5	IGKV2	Kappa	None	None	None	None	None
67	6mlm	E	I	0	A	protein		hemagglutinin ha1 chain	VIRAL PROTEIN/Immune System	09/27/18	H7 HA0 in complex with Fv from H7.5 IgG	INFLUENZA A VIRUS (A/NEW YORK/107/2003(H7N2)); INFLUENZA A VIRUS; HOMO SAPIENS	homo sapiens	homo sapiens	influenza a virus (a/new york/107/2003(h7n2))	"Pallesen	 J.	 Turner	 H.L.	 Ward	 A.B."	3.5	ELECTRON MICROSCOPY			FALSE	TRUE	IGHV1	IGKV1	Kappa	None	None	None	None	None
68	6n5b	H	L	0	B	protein		hemagglutinin	VIRAL PROTEIN/IMMUNE SYSTEM	11/21/18	Broadly protective antibodies directed to a subdominant influenza hemagglutinin epitope	MUS MUSCULUS; INFLUENZA A VIRUS	mus musculus	mus musculus	influenza a virus	"Bajic	 G.	 Maron	 M.J.	 Schmidt	 A.G."	3.5	X-RAY DIFFRACTION	0.278	0.236	FALSE	TRUE	IGHV5	IGLV1	Lambda	None	None	None	None	None
69	6n5d	C	D	0	A	protein		hemagglutinin	VIRAL PROTEIN/IMMUNE SYSTEM	11/21/18	Broadly protective antibodies directed to a subdominant influenza hemagglutinin epitope	INFLUENZA A VIRUS; MUS MUSCULUS	mus musculus	mus musculus	influenza a virus	"Bajic	 G.	 Schmidt	 A.G."	3	X-RAY DIFFRACTION	0.244	0.217	FALSE	TRUE	IGHV5	IGLV1	Lambda	None	None	None	None	None
70	6n5e	H	I	0	C	protein		hemagglutinin	VIRAL PROTEIN/IMMUNE SYSTEM	11/21/18	Broadly protective antibodies directed to a subdominant influenza hemagglutinin epitope	INFLUENZA A VIRUS; MUS MUSCULUS	influenza a virus	mus musculus	influenza a virus	"Bajic	 G.	 Schmidt	 A.G."	3	X-RAY DIFFRACTION	0.287	0.25	FALSE	TRUE	IGHV5	IGLV1	Lambda	None	None	None	None	None
71	6nz7	H	L	0	B | A	protein | protein	NA | NA	hemagglutinin ha2 chain | hemagglutinin ha1 chain	IMMUNE SYSTEM	02/13/19	Crystal structure of broadly neutralizing Influenza A antibody 429 B01 in complex with Hemagglutinin Hong Kong 1968	INFLUENZA A VIRUS (STRAIN A/HONG KONG/1/1968 H3N2); HOMO SAPIENS	homo sapiens	homo sapiens	influenza a virus (strain a/hong kong/1/1968h3n2)  | influenza a virus (strain a/hong kong/1/1968h3n2) 	"Zhou	 T.	 Kwong	 P.D."	2.95	X-RAY DIFFRACTION	0.267	0.224	FALSE	TRUE	IGHV3	IGKV1	Kappa	None	None	None	None	None
72	6ocb	H	L	0	A	protein		hemagglutinin	IMMUNE SYSTEM	03/22/19	Crystal structure of FluA-20 Fab in complex with the head domain of H3 (A/Hong Kong/1/1968)	HOMO SAPIENS; INFLUENZA A VIRUS	homo sapiens	homo sapiens	influenza a virus	"Wilson	 I.A.	 Lang	 S."	2.1	X-RAY DIFFRACTION	0.239	0.202	FALSE	TRUE	IGHV4	IGKV1	Kappa	None	None	None	None	None
73	6p3r	A	B	0	L	protein		hemagglutinin	VIRAL PROTEIN	05/27/20	crystal structure of human Fab H5.31 in complex with influenza A H5N1 Vietnam hemagglutinin head domain	HOMO SAPIENS; INFLUENZA A VIRUS (A/CHICKEN/VIETNAM/32/2004(H5N1))	homo sapiens	homo sapiens	influenza a virus(a/chicken/vietnam/32/2004(h5n1)) 	"Dong	 J.	 Crowe	 J.E."	3	X-RAY DIFFRACTION	0.226	0.192	FALSE	TRUE	IGHV3	IGKV1	Kappa	None	None	None	None	None
74	6p3s	A	B	0	L	protein		hemagglutinin	IMMUNE SYSTEM/VIRAL PROTEIN	05/27/20	Crystal structure of human Fab H5.28 in complex with influenza A H5N1 Vietnam hemagglutinin head domain	HOMO SAPIENS; INFLUENZA A VIRUS (A/CHICKEN/VIETNAM/32/2004(H5N1))	homo sapiens	homo sapiens	influenza a virus(a/chicken/vietnam/32/2004(h5n1)) 	"Dong	 J.	 Crowe	 J.E."	4	X-RAY DIFFRACTION	0.326	0.281	FALSE	TRUE	IGHV3	IGKV1	Kappa	None	None	None	None	None
75	6pdx	O	P	0	C	protein		hemagglutinin	IMMUNE SYSTEM	06/19/19	Crystal structure of C585 Fab in complex with influenza virus hemagglutinin from A/Switzerland/9715293/2013 (H3N2)	INFLUENZA A VIRUS; HOMO SAPIENS	homo sapiens	homo sapiens	influenza a virus	"Qiu	 Y.	 Zhou	 Y."	3.993	X-RAY DIFFRACTION	0.242	0.212	FALSE	TRUE	IGHV4	IGLV1	Lambda	None	None	None	None	None
76	6q0e	H	L	0	A	protein		hemagglutinin	IMMUNE SYSTEM	2008/1/19	Inferred precursor (UCA) of the human antibody lineage 652 in complex with influenza hemagglutinin head domain of A/Beijing/262/95(H1N1)	INFLUENZA A VIRUS (A/BEIJING/262/1995(H1N1)); HOMO SAPIENS	homo sapiens	homo sapiens	influenza a virus (a/beijing/262/1995(h1n1))	"McCarthy	 K.R.	 Harrison	 S.C."	2.15	X-RAY DIFFRACTION	0.249	0.23	FALSE	TRUE	IGHV4	IGLV3	Lambda	None	None	None	None	None
77	6q0o	Z	B	0	A	protein		hemagglutinin head domain	IMMUNE SYSTEM	2008/2/19	human antibody H2227 lineage 652 in complex with influenza hemagglutinin head domain of A/Solomon Islands/3/2006(H1N1)	INFLUENZA A VIRUS; HOMO SAPIENS	homo sapiens	homo sapiens	influenza a virus	"McCarthy	 K.R.	 Harrison	 S.C."	3	X-RAY DIFFRACTION	0.268	0.23	FALSE	TRUE	IGHV4	IGLV3	Lambda	None	None	None	None	None
78	6q18	H	L	0	A	protein		hemagglutinin	IMMUNE SYSTEM	2008/3/19	Human antibody H1244 in complex with the influenza hemagglutinin head domain of A/Beijing/262/95(H1N1)	INFLUENZA A VIRUS (A/BEIJING/262/1995(H1N1)); HOMO SAPIENS	homo sapiens	homo sapiens	influenza a virus (a/beijing/262/1995(h1n1))	"McCarthy	 K.R.	 Harrison	 S.C."	2.55	X-RAY DIFFRACTION	0.243	0.206	FALSE	TRUE	IGHV4	IGLV3	Lambda	None	None	None	None	None
79	6uig	B	C	0	A	protein		hemagglutinin	ANTIVIRAL PROTEIN	09/30/19	Crystal structure of human monoclonal antibody H7.200 in complex with H7N9 hemagglutinin HA1	INFLUENZA A VIRUS; HOMO SAPIENS	homo sapiens	homo sapiens	influenza a virus	"Dong	 J.	 Crowe	 J.E."	3.2	X-RAY DIFFRACTION	0.234	0.207	FALSE	TRUE	IGHV4	IGKV1	Kappa	None	None	None	None	None
80	6urm	H	L	0	F	protein		hemagglutinin	IMMUNE SYSTEM/VIRAL PROTEIN	10/23/19	Crystal structure of vaccine-elicited receptor-binding site targeting antibody LPAF-a.01 in complex with Hemagglutinin H1 A/California/04/2009	INFLUENZA A VIRUS; HOMO SAPIENS	homo sapiens	homo sapiens	influenza a virus	"Zhou	 T.	 Cheung	 S.F.	 Kwong	 P.D."	2.65	X-RAY DIFFRACTION	0.262	0.215	FALSE	TRUE	IGHV2	IGLV3	Lambda	None	None	None	None	None
81	6wez	H	L	0	B | A	protein | protein	NA | NA	hemagglutinin | hemagglutinin	VIRAL PROTEIN/Immune System	2004/3/20	Crystal Structure of Broadly Neutralizing Antibody 3I14-D93N Mutant Bound to the Influenza A H3 Hemagglutinin	INFLUENZA A VIRUS; HOMO SAPIENS	homo sapiens	homo sapiens	influenza a virus | influenza a virus	"Harshbarger	 W.D.	 Lockbaum	 G.J.	 Deming	 D.T.	 Attatippaholkun	 N.	 Schiffer	 C.A.	 Marasco	 W.A."	3.21	X-RAY DIFFRACTION	0.281	0.233	FALSE	TRUE	IGHV3	IGLV1	Lambda	None	None	None	None	None
82	6whk	C	B	0	A	protein		hemagglutinin ha1 chain	VIRAL PROTEIN/Immune System	2004/8/20	Minimally mutated anti-influenza broadly neutralizing antibody	INFLUENZA A VIRUS (A/BEIJING/262/1995(H1N1)); HOMO SAPIENS	homo sapiens	homo sapiens	influenza a virus (a/beijing/262/1995(h1n1))	"Bajic	 G.	 Schmidt	 A.G."	2.6	X-RAY DIFFRACTION	0.268	0.218	FALSE	TRUE	IGHV3	IGLV1	Lambda	None	None	None	None	None
83	6wiz	H	L	0	B | A	protein | protein	NA | NA	hemagglutinin ha2 | hemagglutinin ha1	IMMUNE SYSTEM	2004/11/20	Crystal structure of Fab 54-1G05 bound to H1 influenza hemagglutinin	INFLUENZA A VIRUS; HOMO SAPIENS	homo sapiens	homo sapiens	influenza a virus | influenza a virus	"Wu	 N.C.	 Wilson	 I.A."	4.2	X-RAY DIFFRACTION	0.389	0.323	FALSE	TRUE	IGHV6	IGKV3	Kappa	None	None	None	None	None
84	6wj1	J	K	0	D | C	protein | protein	NA | NA	hemagglutinin ha2 chain | hemagglutinin ha1 chain	IMMUNE SYSTEM	2004/11/20	Crystal structure of Fab 54-4H03 bound to H1 influenza hemagglutinin	INFLUENZA A VIRUS; HOMO SAPIENS	homo sapiens	homo sapiens	influenza a virus | influenza a virus	"Wu	 N.C.	 Wilson	 I.A."	3.503	X-RAY DIFFRACTION	0.232	0.179	FALSE	TRUE	IGHV6	IGKV3	Kappa	None	None	None	None	None
85	6wxl	H	L	0	B | A	protein | protein	NA | NA	hemagglutinin ha2 chain | hemagglutinin ha1 chain	IMMUNE SYSTEM	2005/11/20	"Cryo-EM structure of the VRC315 clinical trial	 vaccine-elicited	 human antibody 1D12 in complex with an H7 SH13 HA trimer"	INFLUENZA A VIRUS (A/SHANGHAI/JS01/2013(H7N9)); HOMO SAPIENS	homo sapiens	homo sapiens	influenza a virus (a/shanghai/js01/2013(h7n9)) | influenza a virus (a/shanghai/js01/2013(h7n9))	"Gorman	 J.	 Kwong	 P.D."	2.76	ELECTRON MICROSCOPY			FALSE	TRUE	IGHV1	IGKV2	Kappa	None	None	None	None	None
86	6wzt	H	L	0	A	protein		hemagglutinin	ANTIVIRAL PROTEIN	05/14/20	CryoEM structure of influenza hemagglutinin A/Victoria/361/2011 in complex with cyno antibody 3B10	INFLUENZA A VIRUS; MACACA FASCICULARIS	macaca fascicularis	macaca fascicularis	influenza a virus	"Qiu	 Y.	 Zhou	 Y.	 Darricarrere	 N."	4.4	ELECTRON MICROSCOPY			FALSE	TRUE	IGHV4	IGKV1	Kappa	None	None	None	None	None
87	6xgc	M	N	0	B | A	protein | protein	NA | NA	hemagglutinin ha2 chain | hemagglutinin ha1 chain	ANTIVIRAL PROTEIN	06/17/20	CryoEM structure of influenza hemagglutinin A/Michigan/45/2015 in complex with cyno antibody 1C4	INFLUENZA A VIRUS (A/MICHIGAN/45/2015(H1N1)); MACACA FASCICULARIS	macaca fascicularis	macaca fascicularis	influenza a virus (a/michigan/45/2015(h1n1)) | influenza a virus (a/michigan/45/2015(h1n1))	"Qiu	 Y.	 Zhou	 Y."	4.1	ELECTRON MICROSCOPY			FALSE	TRUE	IGHV3	IGLV1	Lambda	None	None	None	None	None
88	6xpq	B	C	0	A	protein		hemagglutinin	VIRAL PROTEIN/IMMUNE SYSTEM	2007/8/20	Human antibody D1 H1-17/H3-14 in complex with the influenza hemagglutinin head domain of A/Texas/50/2012(H3N2)	INFLUENZA A VIRUS (A/TEXAS/50/2012(H3N2)); HOMO SAPIENS	homo sapiens	homo sapiens	influenza a virus (a/texas/50/2012(h3n2))	"McCarthy	 K.R.	 Harrison	 S.C."	4.2	X-RAY DIFFRACTION	0.307	0.273	FALSE	TRUE	IGHV4	IGKV1	Kappa	None	None	None	None	None
89	6xpr	B	C	0	A	protein		hemagglutinin	VIRAL PROTEIN/IMMUNE SYSTEM	2007/8/20	Human antibody D2 H1-1/H3-1 H3 in complex with the influenza hemagglutinin head domain of A/Texas/50/2012(H3N2)	INFLUENZA A VIRUS (A/TEXAS/50/2012(H3N2)); HOMO SAPIENS	homo sapiens	homo sapiens	influenza a virus (a/texas/50/2012(h3n2))	"McCarthy	 K.R.	 Harrison	 S.C.	 Lee	 J."	4.092	X-RAY DIFFRACTION	0.298	0.252	FALSE	TRUE	IGHV3	IGKV1	Kappa	None	None	None	None	None
90	6xpx	B	C	0	A	protein		hemagglutinin	IMMUNE SYSTEM/VIRAL PROTEIN	2007/9/20	Human antibody S1V2-51 in complex with the influenza hemagglutinin head domain of A/Aichi/2/1968 (X-31)(H3N2)	INFLUENZA A VIRUS; HOMO SAPIENS	homo sapiens	homo sapiens	influenza a virus	"McCarthy	 K.R.	 Harrison	 S.C."	2.598	X-RAY DIFFRACTION	0.215	0.185	FALSE	TRUE	IGHV3	IGKV4	Kappa	None	None	None	None	None
91	6xpy	B	C	0	A	protein		hemagglutinin	IMMUNE SYSTEM/VIRAL PROTEIN	2007/9/20	Human antibody S1V2-58 in complex with the influenza hemagglutinin head domain of A/Texas/50/2012(H3N2)	INFLUENZA A VIRUS; HOMO SAPIENS	homo sapiens	homo sapiens	influenza a virus	"McCarthy	 K.R.	 Harrison	 S.C."	3.603	X-RAY DIFFRACTION	0.304	0.256	FALSE	TRUE	IGHV4	IGKV1	Kappa	None	None	None	None	None
92	6xpz	E	F	0	D	protein		hemagglutinin	VIRAL PROTEIN/IMMUNE SYSTEM	2007/9/20	Human antibody S1V2-83 in complex with the influenza hemagglutinin head domain of A/Moscow/10/1999(H3N2)	INFLUENZA A VIRUS (A/MOSCOW/10/1999(H3N2)); HOMO SAPIENS	homo sapiens	homo sapiens	influenza a virus (a/moscow/10/1999(h3n2))	"McCarthy	 K.R.	 Harrison	 S.C."	3.45	X-RAY DIFFRACTION	0.307	0.251	FALSE	TRUE	IGHV3	IGKV1	Kappa	None	None	None	None	None
93	6xq0	B	C	0	A	protein		hemagglutinin	VIRAL PROTEIN/IMMUNE SYSTEM	2007/9/20	Human antibody S8V2-18 in complex with the influenza hemagglutinin head domain of A/California/7/2009(NYMC-X181)(H1N1)	INFLUENZA A VIRUS (A/REASSORTANT/NYMC X-181A(A/NYMC X-157 X CALIFORNIA/07/2009)(H1N1)); HOMO SAPIENS	homo sapiens	homo sapiens	influenza a virus (a/reassortant/nymc x-181a(a/nymc x-157 x california/07/2009)(h1n1)) 	"McCarthy	 K.R.	 Harrison	 S.C."	2.3	X-RAY DIFFRACTION	0.268	0.222	FALSE	TRUE	IGHV3	IGKV3	Kappa	None	None	None	None	None
94	6xq2	C	B	0	A	protein		hemagglutinin	VIRAL PROTEIN/IMMUNE SYSTEM	2007/9/20	Human antibody S8V2-37 in complex with the influenza hemagglutinin head domain of A/Texas/50/2012(H3N2)	INFLUENZA A VIRUS (A/TEXAS/50/2012(H3N2)); HOMO SAPIENS	homo sapiens	homo sapiens	influenza a virus (a/texas/50/2012(h3n2))	"McCarthy	 K.R.	 Harrison	 S.C."	3.002	X-RAY DIFFRACTION	0.29	0.247	FALSE	TRUE	IGHV3	IGKV1	Kappa	None	None	None	None	None
95	6xq4	E	F	0	D	protein		hemagglutinin	VIRAL PROTEIN/IMMUNE SYSTEM	2007/9/20	Human antibody S8V2-47 in complex with the influenza hemagglutinin head domain of A/Beijing/262/1995(H1N1)	INFLUENZA A VIRUS (A/BEIJING/262/1995(H1N1)); HOMO SAPIENS	homo sapiens	homo sapiens	influenza a virus (a/beijing/262/1995(h1n1))	"McCarthy	 K.R.	 Harrison	 S.C."	3.347	X-RAY DIFFRACTION	0.279	0.238	FALSE	TRUE	IGHV3	IGKV4	Kappa	None	None	None	None	None
96	6xsk	I	K	0	B | A	protein | protein	NA | NA	hemagglutinin ha2 chain | hemagglutinin ha1 chain	IMMUNE SYSTEM/Viral Protein	07/15/20	Cryo-EM structure of vaccine-elicited Rhesus VH6-1 antibody 789-203-3C12 in complex with stabilized SI06 (A/Solomon Islands/3/06) Influenza Hemagglutinin Trimer	MACACA MULATTA; INFLUENZA A VIRUS (A/SOLOMON ISLANDS/3/2006(H1N1))	macaca mulatta	macaca mulatta	influenza a virus (a/solomonislands/3/2006(h1n1))  | influenza a virus (a/solomonislands/3/2006(h1n1)) 	"Cerutti	 G.	 Gorman	 J.	 Kwong	 P.D.	 Shapiro	 L."	3.85	ELECTRON MICROSCOPY			FALSE	TRUE	IGHV4	IGKV1	Kappa	None	None	None	None	None
97	7dkj	C	D	0	A	protein		hemagglutinin	VIRAL PROTEIN	11/24/20	Hemagglutinin Influenza A virus (A/Okuda/1957(H2N2) bound with a neutralizing antibody	INFLUENZA A VIRUS (A/OKUDA/1957(H2N2)); MUS MUSCULUS	mus musculus	mus musculus	influenza a virus (a/okuda/1957(h2n2))	"Kamada	 K.	 Shirouzu	 M."	3.7	ELECTRON MICROSCOPY			FALSE	TRUE	IGHV7	IGKV12	Kappa	None	None	None	None	None
98	7jix	H	L	0	A	protein		hemagglutinin ha1 chain	Viral protein/IMMUNE SYSTEM	07/23/20	Murine antibody that engages the influenza hemagglutinin receptor binding site	INFLUENZA A VIRUS (A/SOLOMON ISLANDS/3/2006 (EGG PASSAGE)(H1N1)); INFLUENZA A VIRUS (A/MEXICO/UASLP-006/2008(H1N1)); MUS MUSCULUS	mus musculus	mus musculus	influenza a virus (a/solomon islands/3/2006(egg passage)(h1n1)) 	"Bajic	 G.	 Schmidt	 A.G."	3.901	X-RAY DIFFRACTION	0.255	0.215	FALSE	TRUE	IGHV1	IGKV3	Kappa	None	None	None	None	None
99	7k37	J	I	0	C | D	protein | protein	NA | NA	hemagglutinin | hemagglutinin	VIRAL PROTEIN	2009/10/20	Structure of full-length influenza HA with a head-binding antibody at pH 7.8	INFLUENZA A VIRUS (STRAIN A/HONG KONG/1/1968 H3N2); HOMO SAPIENS	homo sapiens	homo sapiens	influenza a virus (strain a/hong kong/1/1968h3n2)  | influenza a virus (strain a/hong kong/1/1968h3n2) 	"Gui	 M.	 Xiang	 Y.	 Gao	 J."	2.8	ELECTRON MICROSCOPY			FALSE	TRUE	IGHV1	IGLV1	Lambda	None	None	None	None	None
100	7kc1	E	F	0	D | C	protein | protein	NA | NA	fusion protein of hemagglutinin and envelope glycoprotein | hemagglutinin	IMMUNE SYSTEM	2010/4/20	Cryo-EM structure of SRR2899884.46167H+MEDI8852L fab in complex with Victoria HA	INFLUENZA A VIRUS; HUMAN IMMUNODEFICIENCY VIRUS 1; HOMO SAPIENS	homo sapiens	homo sapiens	"influenza a virus	 human immunodeficiency virus1  | influenza a virus"	"Gorman	 J.	 Kwong	 P.D."	3.41	ELECTRON MICROSCOPY			FALSE	TRUE	IGHV6	IGKV1	Kappa	None	None	None	None	None
101	7l0l	G	J	0	E | C	protein | protein	NA | NA	hemagglutinin ha2 chain | hemagglutinin ha1 chain	IMMUNE SYSTEM/Viral protein	2012/11/20	"Cryo-EM structure of the VRC316 clinical trial	 vaccine-elicited	 human antibody 316-310-1B11 in complex with an H2 CAN05 HA trimer"	HOMO SAPIENS; INFLUENZA A VIRUS (A/CANADA/720/2005(H2N2))	homo sapiens	homo sapiens	influenza a virus (a/canada/720/2005(h2n2)) | influenza a virus (a/canada/720/2005(h2n2))	"Gorman	 J.	 Kwong	 P.D."	2.85	ELECTRON MICROSCOPY			FALSE	TRUE	IGHV1	IGKV3	Kappa	None	None	None	None	None
102	7mem	H	L	0	E	protein		hemagglutinin ha1 chain	Viral protein/IMMUNE SYSTEM	2004/6/21	CryoEM structure of monoclonal Fab 045-09 2B05 binding the lateral patch of influenza virus H1 HA	INFLUENZA A VIRUS (STRAIN SWL A/CALIFORNIA/04/2009 H1N1); HOMO SAPIENS	homo sapiens	homo sapiens	influenza a virus (strain swla/california/04/2009 h1n1) 	"Han	 J.	 Ward	 A."	3.2	ELECTRON MICROSCOPY			FALSE	TRUE	IGHV3	IGKV1	Kappa	None	None	None	None	None
103	7mfg	H	L	0	B | A	protein | protein	NA | NA	hemagglutinin ha2 chain | hemagglutinin ha1 chain	VIRAL PROTEIN/IMMUNE SYSTEM	2004/9/21	"Cryo-EM structure of the VRC310 clinical trial	 vaccine-elicited	 human antibody 310-030-1D06 Fab in complex with an H1 NC99 HA trimer"	INFLUENZA A VIRUS; HOMO SAPIENS	homo sapiens	homo sapiens	influenza a virus | influenza a virus	"Gorman	 J.	 Kwong	 P.D."	3.87	ELECTRON MICROSCOPY			FALSE	TRUE	IGHV1	IGKV3	Kappa	None	None	None	None	None
104	7scn	H	L	0	B | A	protein | protein	NA | NA	hemagglutinin ha2 chain | hemagglutinin ha1 chain	VIRAL PROTEIN/Immune System	08/24/22	Structure of H1 NC99 influenza hemagglutinin bound to Fab 310-63E6	Homo sapiens; Influenza A virus (strain A/New Zealand:South Canterbury/35/2000 H1N1)	homo sapiens	homo sapiens	influenza a virus (strain a/new zealandcanterbury/35/2000 h1n1)  | influenza a virus (strain a/new zealandcanterbury/35/2000 h1n1) 	"Ward	 A.	 Torrents de la Pena	 A."	3.02	ELECTRON MICROSCOPY			FALSE	TRUE	IGHV1	IGKV3	Kappa	None	None	None	None	None
105	7sco	H	L	0	B | A	protein | protein	NA | NA	hemagglutinin ha2 chain | hemagglutinin ha1 chain	VIRAL PROTEIN/Immune System	08/24/22	Structure of H1 influenza hemagglutinin bound to Fab 310-39G10	Homo sapiens; Influenza A virus (strain A/New Zealand:South Canterbury/35/2000 H1N1)	homo sapiens	homo sapiens	influenza a virus (strain a/new zealandcanterbury/35/2000 h1n1)  | influenza a virus (strain a/new zealandcanterbury/35/2000 h1n1) 	"Torrents de la Pena	 A.	 Ward	 A.B."	3.37	ELECTRON MICROSCOPY			FALSE	TRUE	IGHV1	IGKV3	Kappa	None	None	None	None	None
106	7trh	H	B	0	G	protein		hemagglutinin	IMMUNE SYSTEM/VIRAL PROTEIN	2008/2/23	Human antibody K03.28 in complex with the influenza hemagglutinin head domain of A/California/07/2009(H1N1)(X-181)	Homo sapiens; Influenza A virus	homo sapiens	homo sapiens	influenza a virus	"McCarthy	 K.R."	3	X-RAY DIFFRACTION	0.242	0.202	FALSE	TRUE	IGHV3	IGLV3	Lambda	None	None	None	None	None
107	7tri	Z	Y	0	B	protein		hemagglutinin	IMMUNE SYSTEM/VIRAL PROTEIN	2008/2/23	Human antibody S8V1-172 in complex with the influenza hemagglutinin head domain of A/Sydney/05/1997(H3N2)	Homo sapiens; Influenza A virus (A/Sydney/5/1997(H3N2))	homo sapiens	homo sapiens	influenza a virus (a/sydney/5/1997(h3n2))	"McCarthy	 K.R."	3.6	X-RAY DIFFRACTION	0.268	0.233	FALSE	TRUE	IGHV4	IGKV3	Kappa	None	None	None	None	None
108	7tz5	H	N	0	C	protein		hemagglutinin	VIRAL PROTEIN/IMMUNE SYSTEM	2007/6/22	Cryo-EM structure of antibody TJ5-5 bound to H3 COBRA TJ5 hemagglutinin	Homo sapiens; Influenza A virus	homo sapiens	homo sapiens	influenza a virus	"Abbadi	 N.S.	 Mousa	 J.J."	3.41	ELECTRON MICROSCOPY			FALSE	TRUE	IGHV1	IGLV1	Lambda	None	None	None	None	None
109	7umm	H	L	0	A	protein		hemagglutinin	VIRAL PROTEIN	11/23/22	H1 Solomon Islands 2006 hemagglutinin in complex with Ab109	Influenza A virus (A/Solomon Islands/3/2006(H1N1)); Mus musculus	mus musculus	mus musculus	influenza a virus (a/solomonislands/3/2006(h1n1)) 	"Windsor	 I.W.	 Caradonna	 T.M.	 Schmidt	 A.G."	0	ELECTRON MICROSCOPY			FALSE	TRUE	IGHV1	IGKV3	Kappa	None	None	None	None	None
110	7umn	H	L	0	A	protein		hemagglutinin	VIRAL PROTEIN	04/19/23	H1 Solomon Islands 2006 hemagglutinin in complex with Ab36	Influenza A virus (A/Solomon Islands/3/2006(H1N1)); Mus musculus	mus musculus	mus musculus	influenza a virus (a/solomonislands/3/2006(h1n1)) 	"Windsor	 I.W.	 Caradonna	 T.M.	 Schmidt	 A.G."	0	ELECTRON MICROSCOPY			FALSE	TRUE	IGHV1	IGKV4	Kappa	None	None	None	None	None
111	7wvg	C	D	0	B | A	protein | protein	NA | NA	hemagglutinin | hemagglutinin	VIRUS	01/18/23	Crystal structure of H18 complexed with SIA28	Homo sapiens; Influenza A virus	homo sapiens	homo sapiens	influenza a virus | influenza a virus	"Chen	 Y.	 Qi	 J.	 Gao	 G.F."	2.6	X-RAY DIFFRACTION	0.224	0.212	FALSE	TRUE	IGHV3	IGKV1	Kappa	None	None	None	None	None
112	7x6o	J	L	0	H | F	protein | protein	NA | NA	hemagglutinin | hemagglutinin	VIRAL PROTEIN	2003/7/22	Cryo-EM structure of H1 hemagglutinin from A/Washington/05/2011 in complex with a neutralizing antibody 28-12	INFLUENZA A VIRUS; HOMO SAPIENS	homo sapiens	homo sapiens	influenza a virus | influenza a virus	"Cong	 Y.	 Liu	 C.X."	3.5	ELECTRON MICROSCOPY			FALSE	TRUE	IGHV3	IGKV1	Kappa	None	None	None	None	None
113	7yhk	F	H	0	A	protein		hemagglutinin	VIRAL PROTEIN/IMMUNE SYSTEM	08/17/22	Cryo-EM structure of the HA trimer of A/Beijing/262/1995(H1N1) in complex with neutralizing antibody 12H5	Influenza A virus (A/Beijing/262/1995(H1N1)); Mus musculus	mus musculus	mus musculus	influenza a virus (a/beijing/262/1995(h1n1))	"Zheng	 Q.	 Li	 S.	 Li	 T.	 Xue	 W.	 Sun	 H."	3.14	ELECTRON MICROSCOPY			FALSE	FALSE	IGHV9	IGKV3	Kappa	None	None	None	None	None
114	8ct6	H	L	0	A	protein		cobra p1 ha	Viral Protein/IMMUNE SYSTEM	04/19/23	1F8 mAb in complex with the computationally optimized broadly reactive H1 influenza hemagglutinin P1	Influenza A virus; Mus musculus	mus musculus	mus musculus	influenza a virus	"Dzimianski	 J.V.	 DuBois	 R.M."	0	ELECTRON MICROSCOPY			FALSE	TRUE	IGHV1	IGKV3	Kappa	None	None	None	None	None
115	8d21	J	K	0	G | I	protein | protein	NA | NA	hemagglutinin ha2 chain | hemagglutinin ha1 chain	IMMUNE SYSTEM/Viral Protein	2004/12/23	"Cryo-EM structure of the VRC321 clinical trial	 vaccine-elicited	 human antibody 1B06 in complex with a stabilized NC99 HA trimer"	Homo sapiens; Influenza A virus	homo sapiens	homo sapiens	influenza a virus | influenza a virus	"Gorman	 J.	 Kwong	 P.D."	0	ELECTRON MICROSCOPY			FALSE	TRUE	IGHV3	IGKV3	Kappa	None	None	None	None	None
116	8euq	I	H	0	F | G	protein | protein	NA | NA	"hla class ii histocompatibility antigen	 dr alpha chain | hemagglutinin ha1 chain	hla class ii histocompatibilityantigen dr beta chain "	IMMUNE SYSTEM	04/19/23	Crystal structure of HLA-DRA*01:01/HLA-DRB1*04:01 in complex with c44H10 Fab	Homo sapiens; Influenza A virus	homo sapiens	homo sapiens	"homo sapiens | influenza a virus	 homo sapiens"	"Kassardjian	 A.	 Julien	 J.-P."	3.09	X-RAY DIFFRACTION	0.244	0.2	FALSE	TRUE	IGHV2	IGKV9	Kappa	None	None	None	None	None
117	8g5a	H	L	0	A	protein		hemagglutinin	VIRAL PROTEIN	02/21/24	X-31 hemagglutinin in complex with FL-1061 Fab	Influenza A virus; Mus musculus	mus musculus	mus musculus	influenza a virus	"Windsor	 I.W.	 Thornlow	 D.	 Schmidt	 A.G."	3.3	ELECTRON MICROSCOPY			FALSE	TRUE	IGHV1	IGKV16	Kappa	None	None	None	None	None
118	8ghk	M	N	0	B	protein		hemagglutinin	VIRAL PROTEIN/IMMUNE SYSTEM	06/26/24	CryoEM structure of Influenza A virus A/Melbourner/1/1946 (H1N1) hemagglutinin bound to GS10-X6-BE4 Fab	Homo sapiens; Influenza A virus	homo sapiens	homo sapiens	influenza a virus	Seattle Structural Genomics Center for Infectious Disease (SSGCID)	3.47	ELECTRON MICROSCOPY			FALSE	TRUE	IGHV10	IGKV10	Kappa	None	None	None	None	None
119	8t1g	H	L	0	F | E	protein | protein	NA | NA	hemagglutinin ha2 | hemagglutinin ha1	IMMUNE SYSTEM/VIRAL PROTEIN	05/29/24	The crystal structure of hemagglutinin form a h7n9 influenza virus (a/shanghai/1/2013) in complex with antibody 1E11	Homo sapiens; Influenza A virus	homo sapiens	homo sapiens	influenza a virus | influenza a virus	"Zhou	 T.	 Kwong	 P.D."	3.5	X-RAY DIFFRACTION	0.215	0.182	FALSE	TRUE	IGHV4	IGKV2	Kappa	None	None	None	None	None
120	8tnl	D	E	0	K	protein		hemagglutinin	VIRAL PROTEIN/IMMUNE SYSTEM	05/15/24	CryoEM structure of H7 hemagglutinin from A/Shanghai2/2013 H7N9 in complex with a human neutralizing antibody H7.HK1	Homo sapiens; Influenza A virus (A/Shanghai/02/2013(H7N9))	homo sapiens	homo sapiens	influenza a virus (a/shanghai/02/2013(h7n9))	"Morano	 N.C.	 Wu	 X.	 Shapiro	 L."	3.62	ELECTRON MICROSCOPY			FALSE	TRUE	IGHV4	IGKV2	Kappa	None	None	None	None	None
121	8toa	D	E	0	K	protein		hemagglutinin	VIRAL PROTEIN/IMMUNE SYSTEM	05/15/24	CryoEM structure of H7 hemagglutinin from A/Shanghai2/2013 H7N9 in complex with a human neutralizing antibody H7.HK2	Homo sapiens; Influenza A virus (A/Shanghai/02/2013(H7N9))	homo sapiens	homo sapiens	influenza a virus (a/shanghai/02/2013(h7n9))	"Morano	 N.C.	 Becker	 J.E.	 Wu	 X.	 Shapiro	 L."	3.69	ELECTRON MICROSCOPY			FALSE	TRUE	IGHV4	IGKV2	Kappa	None	None	None	None	None
122	8tp3	H	L	0	C	protein		hemagglutinin ha1 chain	VIRAL PROTEIN/Immune System	2010/11/23	H1 hemagglutinin (NC99) in complex with RBS-targeting Fab 1-1-1F05	Homo sapiens; Influenza A virus (A/New Caledonia/20/1999(H1N1))	homo sapiens	homo sapiens	influenza a virus (a/newcaledonia/20/1999(h1n1)) 	"Yang	 Y.R.	 Han	 J.	 Perrett	 H.R.	 Ward	 A.B."	3.6	ELECTRON MICROSCOPY			FALSE	TRUE	IGHV4	IGKV3	Kappa	None	None	None	None	None
123	8tp5	E	F	0	C	protein		hemagglutinin ha1 chain	VIRAL PROTEIN/Immune System	2010/11/23	H1 hemagglutinin (NC99) in complex with RBS-targeting Fab 1-1-1E04	Homo sapiens; Influenza A virus (A/New Caledonia/20/1999(H1N1))	homo sapiens	homo sapiens	influenza a virus (a/newcaledonia/20/1999(h1n1)) 	"Yang	 Y.R.	 Han	 J.	 Perrett	 H.R.	 Ward	 A.B."	2.9	ELECTRON MICROSCOPY			FALSE	TRUE	IGHV1	IGLV1	Lambda	None	None	None	None	None
124	8tp6	F	G	0	E	protein		hemagglutinin	VIRAL PROTEIN/Immune System	2010/11/23	H2 hemagglutinin (A/Singapore/1/1957) in complex with RBS-targeting Fab 4-1-1E02	Homo sapiens; Influenza A virus (A/Singapore/1/1957(H2N2))	homo sapiens	homo sapiens	influenza a virus (a/singapore/1/1957(h2n2))	"Yang	 Y.R.	 Han	 J.	 Perrett	 H.R.	 Ward	 A.B."	3.1	ELECTRON MICROSCOPY			FALSE	TRUE	IGHV4	IGKV1	Kappa	None	None	None	None	None
125	8tp7	D	F	0	A	protein		hemagglutinin	VIRAL PROTEIN/Immune System	2010/11/23	H2 hemagglutinin (A/Singapore/1/1957) in complex with Sa-targeting Fab 4-1-1G03	Homo sapiens; Influenza A virus (A/Singapore/1/1957(H2N2))	homo sapiens	homo sapiens	influenza a virus (a/singapore/1/1957(h2n2))	"Yang	 Y.R.	 Han	 J.	 Perrett	 H.R.	 Ward	 A.B."	2.8	ELECTRON MICROSCOPY			FALSE	TRUE	IGHV4	IGLV2	Lambda	None	None	None	None	None
126	8tpa	H	L	0	A | B	protein | protein	NA | NA	hemagglutinin ha1 chain | hemagglutinin ha2 chain	VIRAL PROTEIN/Immune System	2010/11/23	H1 hemagglutinin (NC99) in complex with medial-junction-targeting Fab 2-2-1G06	Homo sapiens; Influenza A virus (A/New Caledonia/20/1999(H1N1))	homo sapiens	homo sapiens	influenza a virus (a/newcaledonia/20/1999(h1n1))  | influenza a virus (a/newcaledonia/20/1999(h1n1)) 	"Yang	 Y.R.	 Han	 J.	 Perrett	 H.R.	 Ward	 A.B."	3	ELECTRON MICROSCOPY			FALSE	TRUE	IGHV4	IGKV1	Kappa	None	None	None	None	None
127	8txp	H	L	0	B | A	protein | protein	NA | NA	hemagglutinin | hemagglutinin	VIRAL PROTEIN/IMMUNE SYSTEM	06/26/24	Crystal structure of 05.GC.w13.01 Fab in complex with H1 HA from A/California/04/2009(H1N1)	Homo sapiens; Influenza A virus	homo sapiens	homo sapiens	influenza a virus | influenza a virus	"Lin	 T.H.	 Moore	 N.	 Wilson	 I.A."	2.75	X-RAY DIFFRACTION	0.292	0.25	FALSE	TRUE	IGHV1	IGKV1	Kappa	None	None	None	None	None
128	8txt	G	I	0	D | C	protein | protein	NA | NA	hemagglutinin | hemagglutinin	VIRAL PROTEIN/IMMUNE SYSTEM	06/26/24	Crystal structure of 05.GC.w13.02 Fab in complex with H5 HA from A/Viet Nam/1203/2004(H5N1)	Homo sapiens; Influenza A virus (A/Viet Nam/1203/2004(H5N1))	homo sapiens	homo sapiens	influenza a virus (a/viet nam/1203/2004(h5n1)) | influenza a virus (a/viet nam/1203/2004(h5n1))	"Lin	 T.H.	 Moore	 N.	 Wilson	 I.A."	3.19	X-RAY DIFFRACTION	0.258	0.217	FALSE	TRUE	IGHV1	IGKV1	Kappa	None	None	None	None	None
129	8ty7	H	L	0	B | A	protein | protein	NA | NA	hemagglutinin | hemagglutinin	VIRAL PROTEIN/IMMUNE SYSTEM	06/26/24	Crystal structure of 05.GC.w2.3C10 Fab in complex with H1 HA from A/California/04/2009(H1N1)	Homo sapiens; Influenza A virus (strain swl A/California/04/2009 H1N1)	homo sapiens	homo sapiens	influenza a virus (strain swla/california/04/2009 h1n1)  | influenza a virus (strain swla/california/04/2009 h1n1) 	"Lin	 T.H.	 Moore	 N.	 Wilson	 I.A."	3.21	X-RAY DIFFRACTION	0.288	0.245	FALSE	TRUE	IGHV1	IGKV1	Kappa	None	None	None	None	None
130	8ut3	F	I	0	C | B	protein | protein	NA | NA	hemagglutinin | hemagglutinin	VIRAL PROTEIN/IMMUNE SYSTEM	2005/8/24	CryoEM structure of A/Perth/16/2009 H3 in complex with flu HA central stem VH1-18 antibody UCA6	Homo sapiens; Influenza A virus	homo sapiens	homo sapiens	influenza a virus | influenza a virus	"Huang	 J.	 Han	 J.	 Ward	 A.B."	2.8	ELECTRON MICROSCOPY			FALSE	TRUE	IGHV1	IGKV3	Kappa	None	None	None	None	None
131	8ut4	I	H	0	F | A | E	protein | protein | protein	NA | NA | NA	hemagglutinin ha2 chain | hemagglutinin ha1 chain | hemagglutinin ha1 chain	VIRAL PROTEIN/IMMUNE SYSTEM	2005/8/24	CryoEM structure of A/Michigan/45/2015 H1 in complex with flu HA central stem VH1-18 antibody 09-1B12	Homo sapiens; Influenza A virus	homo sapiens	homo sapiens	influenza a virus | influenza a virus | influenza a virus	"Huang	 J.	 Han	 J.	 Ward	 A.B."	3.3	ELECTRON MICROSCOPY			FALSE	TRUE	IGHV1	IGKV3	Kappa	None	None	None	None	None
132	8v7o	H	L	0	A	protein		hemagglutinin	VIRAL PROTEIN/IMMUNE SYSTEM	2004/10/24	Fab fragment of human mAb #58 in complex with computationally optimized broadly reactive H1 influenza hemagglutinin X6	Homo sapiens; Influenza A virus	homo sapiens	homo sapiens	influenza a virus	"Nagashima	 K.A.	 Mousa	 J.J."	3.57	ELECTRON MICROSCOPY			FALSE	TRUE	IGHV4	IGKV3	Kappa	None	None	None	None	None
133	8vue	K	L	0	B | A	protein | protein	NA | NA	hemagglutinin ha2 chain | hemagglutinin ha1 chain	VIRAL PROTEIN	05/22/24	L5A7 Fab bound to Indonesia2005 Hemagglutinin	Homo sapiens; Influenza A virus	homo sapiens	homo sapiens	influenza a virus | influenza a virus	"Olia	 A.S.	 Gorman	 J.	 Kwong	 P.D."	3.59	ELECTRON MICROSCOPY			FALSE	TRUE	IGHV6	IGKV1	Kappa	None	None	None	None	None
